dataset,n,auc_binary_gate,auc_instance_proxy_gate,delta,p_ttest,p_wilcoxon,cohens_d
bbbp,10,0.6666,0.7093,0.0427,1.3e-05,0.001953,2.6961
bace,10,0.7589,0.7851,0.0262,0.004646,0.011719,1.1818
clintox,10,0.9851,0.9862,0.0011,0.033708,0.046875,0.7914
